benchmark,family,heuristic,seed,best_value,gap,success,evaluations,iterations,wall_time,termination
knapsack-3,knapsack,random_search,0,220,0.0,True,2000,1999,0.01725302999966516,stop
knapsack-3,knapsack,random_search,1,220,0.0,True,2000,1999,0.017413479999959236,stop
knapsack-3,knapsack,random_search,2,220,0.0,True,2000,1999,0.017383151999638358,stop
knapsack-3,knapsack,random_search,3,220,0.0,True,2000,1999,0.017091540999899735,stop
knapsack-3,knapsack,random_search,4,220,0.0,True,2000,1999,0.017029124000146112,stop
knapsack-3,knapsack,random_search,5,220,0.0,True,2000,1999,0.0163915459997952,stop
knapsack-3,knapsack,random_search,6,220,0.0,True,2000,1999,0.015582930999698874,stop
knapsack-3,knapsack,random_search,7,220,0.0,True,2000,1999,0.015543767000053776,stop
knapsack-3,knapsack,random_search,8,220,0.0,True,2000,1999,0.016349427000022843,stop
knapsack-3,knapsack,random_search,9,220,0.0,True,2000,1999,0.016900960999919334,stop
knapsack-3,knapsack,random_search,10,220,0.0,True,2000,1999,0.016917721999561763,stop
knapsack-3,knapsack,random_search,11,220,0.0,True,2000,1999,0.01692244700006995,stop
knapsack-3,knapsack,random_search,12,220,0.0,True,2000,1999,0.016794049000054656,stop
knapsack-3,knapsack,random_search,13,220,0.0,True,2000,1999,0.01649135200023011,stop
knapsack-3,knapsack,random_search,14,220,0.0,True,2000,1999,0.016653665999911027,stop
knapsack-3,knapsack,random_search,15,220,0.0,True,2000,1999,0.016781768999862834,stop
knapsack-3,knapsack,random_search,16,220,0.0,True,2000,1999,0.01707355300004565,stop
knapsack-3,knapsack,random_search,17,220,0.0,True,2000,1999,0.01687852600025508,stop
knapsack-3,knapsack,random_search,18,220,0.0,True,2000,1999,0.016397710999626725,stop
knapsack-3,knapsack,random_search,19,220,0.0,True,2000,1999,0.016741927999646578,stop
knapsack-3,knapsack,genetic_algorithm,0,220,0.0,True,2000,199,0.01907720000053814,stop
knapsack-3,knapsack,genetic_algorithm,1,220,0.0,True,2000,199,0.01755592599965894,stop
knapsack-3,knapsack,genetic_algorithm,2,220,0.0,True,2000,199,0.017925273999935598,stop
knapsack-3,knapsack,genetic_algorithm,3,220,0.0,True,2000,199,0.01765523199992458,stop
knapsack-3,knapsack,genetic_algorithm,4,220,0.0,True,2000,199,0.01780998300000647,stop
knapsack-3,knapsack,genetic_algorithm,5,220,0.0,True,2000,199,0.01749772900075186,stop
knapsack-3,knapsack,genetic_algorithm,6,220,0.0,True,2000,199,0.017973375000110536,stop
knapsack-3,knapsack,genetic_algorithm,7,220,0.0,True,2000,199,0.018386996999652183,stop
knapsack-3,knapsack,genetic_algorithm,8,220,0.0,True,2000,199,0.017633225000281527,stop
knapsack-3,knapsack,genetic_algorithm,9,220,0.0,True,2000,199,0.01756023300004017,stop
knapsack-3,knapsack,genetic_algorithm,10,220,0.0,True,2000,199,0.017559959000209346,stop
knapsack-3,knapsack,genetic_algorithm,11,220,0.0,True,2000,199,0.017450263000682753,stop
knapsack-3,knapsack,genetic_algorithm,12,220,0.0,True,2000,199,0.0174816489998193,stop
knapsack-3,knapsack,genetic_algorithm,13,220,0.0,True,2000,199,0.017220265000105428,stop
knapsack-3,knapsack,genetic_algorithm,14,220,0.0,True,2000,199,0.017434921000131,stop
knapsack-3,knapsack,genetic_algorithm,15,220,0.0,True,2000,199,0.017582036000021617,stop
knapsack-3,knapsack,genetic_algorithm,16,220,0.0,True,2000,199,0.017539448000206903,stop
knapsack-3,knapsack,genetic_algorithm,17,220,0.0,True,2000,199,0.016837031999784813,stop
knapsack-3,knapsack,genetic_algorithm,18,220,0.0,True,2000,199,0.01633764300004259,stop
knapsack-3,knapsack,genetic_algorithm,19,220,0.0,True,2000,199,0.01680667800064839,stop
knapsack-3,knapsack,simulated_annealing,0,220,0.0,True,2000,1999,0.01088216799962538,stop
knapsack-3,knapsack,simulated_annealing,1,220,0.0,True,2000,1999,0.01151695299995481,stop
knapsack-3,knapsack,simulated_annealing,2,220,0.0,True,2000,1999,0.011109469000075478,stop
knapsack-3,knapsack,simulated_annealing,3,220,0.0,True,2000,1999,0.01135675200021069,stop
knapsack-3,knapsack,simulated_annealing,4,220,0.0,True,2000,1999,0.011192692000804527,stop
knapsack-3,knapsack,simulated_annealing,5,220,0.0,True,2000,1999,0.011224207999475766,stop
knapsack-3,knapsack,simulated_annealing,6,220,0.0,True,2000,1999,0.011262601000453287,stop
knapsack-3,knapsack,simulated_annealing,7,220,0.0,True,2000,1999,0.010903297000368184,stop
knapsack-3,knapsack,simulated_annealing,8,220,0.0,True,2000,1999,0.010611671000333445,stop
knapsack-3,knapsack,simulated_annealing,9,220,0.0,True,2000,1999,0.010567323999566725,stop
knapsack-3,knapsack,simulated_annealing,10,220,0.0,True,2000,1999,0.011226707000787428,stop
knapsack-3,knapsack,simulated_annealing,11,220,0.0,True,2000,1999,0.011732119000043895,stop
knapsack-3,knapsack,simulated_annealing,12,220,0.0,True,2000,1999,0.013136554000084288,stop
knapsack-3,knapsack,simulated_annealing,13,220,0.0,True,2000,1999,0.012683345999903395,stop
knapsack-3,knapsack,simulated_annealing,14,220,0.0,True,2000,1999,0.014555557000676345,stop
knapsack-3,knapsack,simulated_annealing,15,220,0.0,True,2000,1999,0.012106459000278846,stop
knapsack-3,knapsack,simulated_annealing,16,220,0.0,True,2000,1999,0.011147911000080057,stop
knapsack-3,knapsack,simulated_annealing,17,220,0.0,True,2000,1999,0.011096653000095102,stop
knapsack-3,knapsack,simulated_annealing,18,220,0.0,True,2000,1999,0.010855712999727984,stop
knapsack-3,knapsack,simulated_annealing,19,220,0.0,True,2000,1999,0.010252820000459906,stop
knapsack-3,knapsack,artificial_bee_colony,0,220,0.0,True,2014,96,0.008633151999674737,stop
knapsack-3,knapsack,artificial_bee_colony,1,220,0.0,True,2013,96,0.009471731999838084,stop
knapsack-3,knapsack,artificial_bee_colony,2,220,0.0,True,2012,96,0.009809020999455242,stop
knapsack-3,knapsack,artificial_bee_colony,3,220,0.0,True,2013,96,0.00943772699974943,stop
knapsack-3,knapsack,artificial_bee_colony,4,220,0.0,True,2015,96,0.009497485999418132,stop
knapsack-3,knapsack,artificial_bee_colony,5,220,0.0,True,2013,96,0.00941367999985232,stop
knapsack-3,knapsack,artificial_bee_colony,6,220,0.0,True,2014,96,0.009702604999802134,stop
knapsack-3,knapsack,artificial_bee_colony,7,220,0.0,True,2014,96,0.009447435999391018,stop
knapsack-3,knapsack,artificial_bee_colony,8,220,0.0,True,2013,96,0.009363398999994388,stop
knapsack-3,knapsack,artificial_bee_colony,9,220,0.0,True,2015,96,0.009161698999378132,stop
knapsack-3,knapsack,artificial_bee_colony,10,220,0.0,True,2016,96,0.00875768399964727,stop
knapsack-3,knapsack,artificial_bee_colony,11,220,0.0,True,2014,96,0.008548824000172317,stop
knapsack-3,knapsack,artificial_bee_colony,12,220,0.0,True,2015,96,0.008780135000051814,stop
knapsack-3,knapsack,artificial_bee_colony,13,220,0.0,True,2014,96,0.009364198000184842,stop
knapsack-3,knapsack,artificial_bee_colony,14,220,0.0,True,2013,96,0.009542750999571581,stop
knapsack-3,knapsack,artificial_bee_colony,15,220,0.0,True,2015,96,0.009507432000646077,stop
knapsack-3,knapsack,artificial_bee_colony,16,220,0.0,True,2014,96,0.009851439999692957,stop
knapsack-3,knapsack,artificial_bee_colony,17,220,0.0,True,2015,96,0.009536696999930427,stop
knapsack-3,knapsack,artificial_bee_colony,18,220,0.0,True,2013,96,0.009497664000264194,stop
knapsack-3,knapsack,artificial_bee_colony,19,220,0.0,True,2013,96,0.009351698000500619,stop
knapsack-10,knapsack,random_search,0,295,0.0,True,2000,1999,0.03581302000020514,stop
knapsack-10,knapsack,random_search,1,295,0.0,True,2000,1999,0.0378296250000858,stop
knapsack-10,knapsack,random_search,2,295,0.0,True,2000,1999,0.03759407600045961,stop
knapsack-10,knapsack,random_search,3,295,0.0,True,2000,1999,0.038841578999381454,stop
knapsack-10,knapsack,random_search,4,295,0.0,True,2000,1999,0.038724537000234704,stop
knapsack-10,knapsack,random_search,5,295,0.0,True,2000,1999,0.037747776999822236,stop
knapsack-10,knapsack,random_search,6,295,0.0,True,2000,1999,0.035270422999928996,stop
knapsack-10,knapsack,random_search,7,295,0.0,True,2000,1999,0.03726009799993335,stop
knapsack-10,knapsack,random_search,8,295,0.0,True,2000,1999,0.0384410510005182,stop
knapsack-10,knapsack,random_search,9,295,0.0,True,2000,1999,0.03860101699956431,stop
knapsack-10,knapsack,random_search,10,295,0.0,True,2000,1999,0.03763261499989312,stop
knapsack-10,knapsack,random_search,11,295,0.0,True,2000,1999,0.03612615099973482,stop
knapsack-10,knapsack,random_search,12,295,0.0,True,2000,1999,0.03721815200060519,stop
knapsack-10,knapsack,random_search,13,295,0.0,True,2000,1999,0.03841123799975321,stop
knapsack-10,knapsack,random_search,14,295,0.0,True,2000,1999,0.03766880799958017,stop
knapsack-10,knapsack,random_search,15,295,0.0,True,2000,1999,0.036703048999697785,stop
knapsack-10,knapsack,random_search,16,295,0.0,True,2000,1999,0.03838577699934831,stop
knapsack-10,knapsack,random_search,17,295,0.0,True,2000,1999,0.03832529600003909,stop
knapsack-10,knapsack,random_search,18,295,0.0,True,2000,1999,0.036552874999870255,stop
knapsack-10,knapsack,random_search,19,295,0.0,True,2000,1999,0.03834254899993539,stop
knapsack-10,knapsack,genetic_algorithm,0,295,0.0,True,2000,199,0.025957042000300135,stop
knapsack-10,knapsack,genetic_algorithm,1,295,0.0,True,2000,199,0.027751861000069766,stop
knapsack-10,knapsack,genetic_algorithm,2,295,0.0,True,2000,199,0.02504488000067795,stop
knapsack-10,knapsack,genetic_algorithm,3,295,0.0,True,2000,199,0.02727820900054212,stop
knapsack-10,knapsack,genetic_algorithm,4,295,0.0,True,2000,199,0.02728154699980223,stop
knapsack-10,knapsack,genetic_algorithm,5,295,0.0,True,2000,199,0.023217680000016117,stop
knapsack-10,knapsack,genetic_algorithm,6,295,0.0,True,2000,199,0.021776962999865646,stop
knapsack-10,knapsack,genetic_algorithm,7,295,0.0,True,2000,199,0.023417387999870698,stop
knapsack-10,knapsack,genetic_algorithm,8,295,0.0,True,2000,199,0.02215362599963555,stop
knapsack-10,knapsack,genetic_algorithm,9,295,0.0,True,2000,199,0.025430337999750918,stop
knapsack-10,knapsack,genetic_algorithm,10,295,0.0,True,2000,199,0.021871294999982638,stop
knapsack-10,knapsack,genetic_algorithm,11,295,0.0,True,2000,199,0.022736207000889408,stop
knapsack-10,knapsack,genetic_algorithm,12,295,0.0,True,2000,199,0.02294931300002645,stop
knapsack-10,knapsack,genetic_algorithm,13,295,0.0,True,2000,199,0.02191730300000927,stop
knapsack-10,knapsack,genetic_algorithm,14,295,0.0,True,2000,199,0.02394075200027146,stop
knapsack-10,knapsack,genetic_algorithm,15,295,0.0,True,2000,199,0.0220317220000652,stop
knapsack-10,knapsack,genetic_algorithm,16,295,0.0,True,2000,199,0.02491556099994341,stop
knapsack-10,knapsack,genetic_algorithm,17,295,0.0,True,2000,199,0.023490343999583274,stop
knapsack-10,knapsack,genetic_algorithm,18,295,0.0,True,2000,199,0.023816597999939404,stop
knapsack-10,knapsack,genetic_algorithm,19,295,0.0,True,2000,199,0.021876035000786942,stop
knapsack-10,knapsack,simulated_annealing,0,295,0.0,True,2000,1999,0.012953232999279862,stop
knapsack-10,knapsack,simulated_annealing,1,295,0.0,True,2000,1999,0.014686413999697834,stop
knapsack-10,knapsack,simulated_annealing,2,295,0.0,True,2000,1999,0.013772033999885025,stop
knapsack-10,knapsack,simulated_annealing,3,295,0.0,True,2000,1999,0.014360166000187746,stop
knapsack-10,knapsack,simulated_annealing,4,295,0.0,True,2000,1999,0.014651462999609066,stop
knapsack-10,knapsack,simulated_annealing,5,295,0.0,True,2000,1999,0.013763953000307083,stop
knapsack-10,knapsack,simulated_annealing,6,295,0.0,True,2000,1999,0.013845045999914873,stop
knapsack-10,knapsack,simulated_annealing,7,295,0.0,True,2000,1999,0.014370541000062076,stop
knapsack-10,knapsack,simulated_annealing,8,295,0.0,True,2000,1999,0.013645077000546735,stop
knapsack-10,knapsack,simulated_annealing,9,295,0.0,True,2000,1999,0.013566730999627907,stop
knapsack-10,knapsack,simulated_annealing,10,294,0.003389830508474576,False,2000,1999,0.01373468200017669,stop
knapsack-10,knapsack,simulated_annealing,11,295,0.0,True,2000,1999,0.012997140000152285,stop
knapsack-10,knapsack,simulated_annealing,12,295,0.0,True,2000,1999,0.014553601999978127,stop
knapsack-10,knapsack,simulated_annealing,13,295,0.0,True,2000,1999,0.015818947999832744,stop
knapsack-10,knapsack,simulated_annealing,14,295,0.0,True,2000,1999,0.013917238000431098,stop
knapsack-10,knapsack,simulated_annealing,15,295,0.0,True,2000,1999,0.014353131999996549,stop
knapsack-10,knapsack,simulated_annealing,16,295,0.0,True,2000,1999,0.013719422000576742,stop
knapsack-10,knapsack,simulated_annealing,17,295,0.0,True,2000,1999,0.013170659000024898,stop
knapsack-10,knapsack,simulated_annealing,18,295,0.0,True,2000,1999,0.014009207000526658,stop
knapsack-10,knapsack,simulated_annealing,19,295,0.0,True,2000,1999,0.012595449999935227,stop
knapsack-10,knapsack,artificial_bee_colony,0,295,0.0,True,2015,96,0.013439256999845384,stop
knapsack-10,knapsack,artificial_bee_colony,1,295,0.0,True,2014,96,0.013600776999737718,stop
knapsack-10,knapsack,artificial_bee_colony,2,295,0.0,True,2013,96,0.013555949999499717,stop
knapsack-10,knapsack,artificial_bee_colony,3,295,0.0,True,2014,96,0.013354072999391065,stop
knapsack-10,knapsack,artificial_bee_colony,4,295,0.0,True,2015,96,0.013151068999832205,stop
knapsack-10,knapsack,artificial_bee_colony,5,295,0.0,True,2013,96,0.012799169000572874,stop
knapsack-10,knapsack,artificial_bee_colony,6,295,0.0,True,2014,96,0.012895528999251837,stop
knapsack-10,knapsack,artificial_bee_colony,7,295,0.0,True,2012,96,0.012264123000022664,stop
knapsack-10,knapsack,artificial_bee_colony,8,295,0.0,True,2012,96,0.013221753999459906,stop
knapsack-10,knapsack,artificial_bee_colony,9,295,0.0,True,2013,96,0.013228927999989537,stop
knapsack-10,knapsack,artificial_bee_colony,10,295,0.0,True,2012,96,0.013324395999916305,stop
knapsack-10,knapsack,artificial_bee_colony,11,295,0.0,True,2013,96,0.01302665999992314,stop
knapsack-10,knapsack,artificial_bee_colony,12,295,0.0,True,2012,96,0.013889291999475972,stop
knapsack-10,knapsack,artificial_bee_colony,13,295,0.0,True,2012,96,0.013253731999611773,stop
knapsack-10,knapsack,artificial_bee_colony,14,295,0.0,True,2014,96,0.013331250000192085,stop
knapsack-10,knapsack,artificial_bee_colony,15,295,0.0,True,2014,96,0.013651072999891767,stop
knapsack-10,knapsack,artificial_bee_colony,16,294,0.003389830508474576,False,2015,96,0.013264630000776378,stop
knapsack-10,knapsack,artificial_bee_colony,17,295,0.0,True,2013,96,0.013819599999806087,stop
knapsack-10,knapsack,artificial_bee_colony,18,295,0.0,True,2013,96,0.01343562700003531,stop
knapsack-10,knapsack,artificial_bee_colony,19,295,0.0,True,2014,96,0.013076284999442578,stop
tsp-ring8,tsp,random_search,0,8.0,0.0,True,2000,1999,0.01973975400051131,stop
tsp-ring8,tsp,random_search,1,8.0,0.0,True,2000,1999,0.019672342999911052,stop
tsp-ring8,tsp,random_search,2,9.414213562373096,0.17677669529663698,False,2000,1999,0.019993257999885827,stop
tsp-ring8,tsp,random_search,3,8.0,0.0,True,2000,1999,0.020045844999913243,stop
tsp-ring8,tsp,random_search,4,9.414213562373096,0.17677669529663698,False,2000,1999,0.01985955300006026,stop
tsp-ring8,tsp,random_search,5,9.414213562373096,0.17677669529663698,False,2000,1999,0.019543635000445647,stop
tsp-ring8,tsp,random_search,6,8.0,0.0,True,2000,1999,0.0193359650002094,stop
tsp-ring8,tsp,random_search,7,9.414213562373096,0.17677669529663698,False,2000,1999,0.019289644000309636,stop
tsp-ring8,tsp,random_search,8,9.414213562373096,0.17677669529663698,False,2000,1999,0.019631291999758105,stop
tsp-ring8,tsp,random_search,9,8.0,0.0,True,2000,1999,0.01959997099947941,stop
tsp-ring8,tsp,random_search,10,9.414213562373096,0.17677669529663698,False,2000,1999,0.0199222990004273,stop
tsp-ring8,tsp,random_search,11,9.414213562373096,0.17677669529663698,False,2000,1999,0.01951120300054754,stop
tsp-ring8,tsp,random_search,12,8.0,0.0,True,2000,1999,0.019660644000396132,stop
tsp-ring8,tsp,random_search,13,9.414213562373096,0.17677669529663698,False,2000,1999,0.01857095700052014,stop
tsp-ring8,tsp,random_search,14,9.414213562373096,0.17677669529663698,False,2000,1999,0.01874167300047702,stop
tsp-ring8,tsp,random_search,15,9.414213562373096,0.17677669529663698,False,2000,1999,0.019361587000275904,stop
tsp-ring8,tsp,random_search,16,9.414213562373096,0.17677669529663698,False,2000,1999,0.019687674999659066,stop
tsp-ring8,tsp,random_search,17,8.0,0.0,True,2000,1999,0.01866079599949444,stop
tsp-ring8,tsp,random_search,18,8.0,0.0,True,2000,1999,0.01782436499979667,stop
tsp-ring8,tsp,random_search,19,8.0,0.0,True,2000,1999,0.01842877499984752,stop
tsp-ring8,tsp,genetic_algorithm,0,8.0,0.0,True,2000,199,0.02606153400029143,stop
tsp-ring8,tsp,genetic_algorithm,1,8.0,0.0,True,2000,199,0.02664572399953613,stop
tsp-ring8,tsp,genetic_algorithm,2,8.0,0.0,True,2000,199,0.02648125300038373,stop
tsp-ring8,tsp,genetic_algorithm,3,8.0,0.0,True,2000,199,0.026703870999881474,stop
tsp-ring8,tsp,genetic_algorithm,4,8.0,0.0,True,2000,199,0.026683973999752197,stop
tsp-ring8,tsp,genetic_algorithm,5,8.0,0.0,True,2000,199,0.02676349300054426,stop
tsp-ring8,tsp,genetic_algorithm,6,8.0,0.0,True,2000,199,0.026819875999535725,stop
tsp-ring8,tsp,genetic_algorithm,7,8.0,0.0,True,2000,199,0.026506369999879098,stop
tsp-ring8,tsp,genetic_algorithm,8,8.0,0.0,True,2000,199,0.024956608000138658,stop
tsp-ring8,tsp,genetic_algorithm,9,8.0,0.0,True,2000,199,0.026608252999722026,stop
tsp-ring8,tsp,genetic_algorithm,10,8.0,0.0,True,2000,199,0.026779332999467442,stop
tsp-ring8,tsp,genetic_algorithm,11,8.0,0.0,True,2000,199,0.025299769000412198,stop
tsp-ring8,tsp,genetic_algorithm,12,8.0,0.0,True,2000,199,0.024700650999875506,stop
tsp-ring8,tsp,genetic_algorithm,13,8.0,0.0,True,2000,199,0.02610563300004287,stop
tsp-ring8,tsp,genetic_algorithm,14,8.0,0.0,True,2000,199,0.026703065000219794,stop
tsp-ring8,tsp,genetic_algorithm,15,8.0,0.0,True,2000,199,0.026686148999942816,stop
tsp-ring8,tsp,genetic_algorithm,16,8.0,0.0,True,2000,199,0.025936915999409393,stop
tsp-ring8,tsp,genetic_algorithm,17,8.0,0.0,True,2000,199,0.026692822999393684,stop
tsp-ring8,tsp,genetic_algorithm,18,8.0,0.0,True,2000,199,0.027205331000004662,stop
tsp-ring8,tsp,genetic_algorithm,19,8.0,0.0,True,2000,199,0.026653865000298538,stop
tsp-ring8,tsp,simulated_annealing,0,8.0,0.0,True,2000,1999,0.019197816000087187,stop
tsp-ring8,tsp,simulated_annealing,1,8.0,0.0,True,2000,1999,0.018658728999980667,stop
tsp-ring8,tsp,simulated_annealing,2,8.0,0.0,True,2000,1999,0.01900564000061422,stop
tsp-ring8,tsp,simulated_annealing,3,8.0,0.0,True,2000,1999,0.019182299000021885,stop
tsp-ring8,tsp,simulated_annealing,4,8.0,0.0,True,2000,1999,0.019200714000362495,stop
tsp-ring8,tsp,simulated_annealing,5,8.0,0.0,True,2000,1999,0.019376311999621976,stop
tsp-ring8,tsp,simulated_annealing,6,8.0,0.0,True,2000,1999,0.018829469000593235,stop
tsp-ring8,tsp,simulated_annealing,7,8.0,0.0,True,2000,1999,0.01914583699999639,stop
tsp-ring8,tsp,simulated_annealing,8,8.0,0.0,True,2000,1999,0.019257348999417445,stop
tsp-ring8,tsp,simulated_annealing,9,8.0,0.0,True,2000,1999,0.019391854999412317,stop
tsp-ring8,tsp,simulated_annealing,10,8.0,0.0,True,2000,1999,0.01929498100071214,stop
tsp-ring8,tsp,simulated_annealing,11,8.0,0.0,True,2000,1999,0.01866014500046731,stop
tsp-ring8,tsp,simulated_annealing,12,8.0,0.0,True,2000,1999,0.017810230000577576,stop
tsp-ring8,tsp,simulated_annealing,13,8.0,0.0,True,2000,1999,0.017821145999732835,stop
tsp-ring8,tsp,simulated_annealing,14,8.0,0.0,True,2000,1999,0.019032866999623366,stop
tsp-ring8,tsp,simulated_annealing,15,8.0,0.0,True,2000,1999,0.019012286999895878,stop
tsp-ring8,tsp,simulated_annealing,16,8.0,0.0,True,2000,1999,0.019131621999804338,stop
tsp-ring8,tsp,simulated_annealing,17,8.0,0.0,True,2000,1999,0.01876034700035234,stop
tsp-ring8,tsp,simulated_annealing,18,8.0,0.0,True,2000,1999,0.017359925000164367,stop
tsp-ring8,tsp,simulated_annealing,19,8.0,0.0,True,2000,1999,0.017517687000690785,stop
tsp-ring8,tsp,artificial_bee_colony,0,8.0,0.0,True,2014,98,0.0173820820000401,stop
tsp-ring8,tsp,artificial_bee_colony,1,8.0,0.0,True,2015,98,0.017557363000378245,stop
tsp-ring8,tsp,artificial_bee_colony,2,8.0,0.0,True,2014,98,0.016803878999780864,stop
tsp-ring8,tsp,artificial_bee_colony,3,8.0,0.0,True,2015,98,0.015818664000107674,stop
tsp-ring8,tsp,artificial_bee_colony,4,8.0,0.0,True,2014,98,0.017119282999374263,stop
tsp-ring8,tsp,artificial_bee_colony,5,8.0,0.0,True,2011,98,0.01680179000049975,stop
tsp-ring8,tsp,artificial_bee_colony,6,8.0,0.0,True,2009,98,0.017188929000440112,stop
tsp-ring8,tsp,artificial_bee_colony,7,8.0,0.0,True,2013,98,0.017453159000069718,stop
tsp-ring8,tsp,artificial_bee_colony,8,8.0,0.0,True,2013,98,0.018938054999125598,stop
tsp-ring8,tsp,artificial_bee_colony,9,8.0,0.0,True,2013,98,0.018942028999845206,stop
tsp-ring8,tsp,artificial_bee_colony,10,8.0,0.0,True,2013,98,0.01630938300058915,stop
tsp-ring8,tsp,artificial_bee_colony,11,8.0,0.0,True,2010,98,0.015471207999325998,stop
tsp-ring8,tsp,artificial_bee_colony,12,8.0,0.0,True,2009,98,0.015304730000025302,stop
tsp-ring8,tsp,artificial_bee_colony,13,8.0,0.0,True,2012,98,0.016342102999260533,stop
tsp-ring8,tsp,artificial_bee_colony,14,8.0,0.0,True,2015,98,0.016756805000113673,stop
tsp-ring8,tsp,artificial_bee_colony,15,8.0,0.0,True,2012,98,0.01648371200008114,stop
tsp-ring8,tsp,artificial_bee_colony,16,8.0,0.0,True,2009,98,0.016513484999450156,stop
tsp-ring8,tsp,artificial_bee_colony,17,8.0,0.0,True,2013,98,0.01661641000009695,stop
tsp-ring8,tsp,artificial_bee_colony,18,8.0,0.0,True,2013,98,0.016625956000098085,stop
tsp-ring8,tsp,artificial_bee_colony,19,8.0,0.0,True,2009,98,0.01626088500051992,stop
tsp-grid9,tsp,random_search,0,9.414213562373096,0.0,True,2000,1999,0.020211762000144518,stop
tsp-grid9,tsp,random_search,1,10.650281539872886,0.1312980600355328,False,2000,1999,0.02052374799950485,stop
tsp-grid9,tsp,random_search,2,9.414213562373096,0.0,True,2000,1999,0.020304143999965163,stop
tsp-grid9,tsp,random_search,3,9.414213562373096,0.0,True,2000,1999,0.019066380000367644,stop
tsp-grid9,tsp,random_search,4,10.0,0.062223618972081354,False,2000,1999,0.018759071999738808,stop
tsp-grid9,tsp,random_search,5,10.650281539872886,0.1312980600355328,False,2000,1999,0.018832494999514893,stop
tsp-grid9,tsp,random_search,6,9.414213562373096,0.0,True,2000,1999,0.020330633999947167,stop
tsp-grid9,tsp,random_search,7,9.414213562373096,0.0,True,2000,1999,0.020388904999890656,stop
tsp-grid9,tsp,random_search,8,9.414213562373096,0.0,True,2000,1999,0.02027229899977101,stop
tsp-grid9,tsp,random_search,9,10.0,0.062223618972081354,False,2000,1999,0.0198317770000358,stop
tsp-grid9,tsp,random_search,10,10.242640687119286,0.08799748585025337,False,2000,1999,0.01931043500007945,stop
tsp-grid9,tsp,random_search,11,9.414213562373096,0.0,True,2000,1999,0.02021680699999706,stop
tsp-grid9,tsp,random_search,12,9.414213562373096,0.0,True,2000,1999,0.020341334000477218,stop
tsp-grid9,tsp,random_search,13,10.650281539872886,0.1312980600355328,False,2000,1999,0.020304806999774883,stop
tsp-grid9,tsp,random_search,14,10.242640687119286,0.08799748585025337,False,2000,1999,0.019075272999543813,stop
tsp-grid9,tsp,random_search,15,10.82842712474619,0.15022110482233472,False,2000,1999,0.018852709000384493,stop
tsp-grid9,tsp,random_search,16,9.414213562373096,0.0,True,2000,1999,0.02036504799980321,stop
tsp-grid9,tsp,random_search,17,9.414213562373096,0.0,True,2000,1999,0.020616951000192785,stop
tsp-grid9,tsp,random_search,18,9.414213562373096,0.0,True,2000,1999,0.020682747999671847,stop
tsp-grid9,tsp,random_search,19,10.242640687119286,0.08799748585025337,False,2000,1999,0.0206406050001533,stop
tsp-grid9,tsp,genetic_algorithm,0,9.414213562373096,0.0,True,2000,199,0.028015148999656958,stop
tsp-grid9,tsp,genetic_algorithm,1,9.414213562373096,0.0,True,2000,199,0.02646397300031822,stop
tsp-grid9,tsp,genetic_algorithm,2,9.414213562373096,0.0,True,2000,199,0.027689610999914294,stop
tsp-grid9,tsp,genetic_algorithm,3,9.414213562373096,0.0,True,2000,199,0.02763046700056293,stop
tsp-grid9,tsp,genetic_algorithm,4,9.414213562373096,0.0,True,2000,199,0.02583389899973554,stop
tsp-grid9,tsp,genetic_algorithm,5,9.414213562373096,0.0,True,2000,199,0.02541201700023521,stop
tsp-grid9,tsp,genetic_algorithm,6,9.414213562373096,0.0,True,2000,199,0.02755190800053242,stop
tsp-grid9,tsp,genetic_algorithm,7,9.414213562373096,0.0,True,2000,199,0.02750880900021002,stop
tsp-grid9,tsp,genetic_algorithm,8,9.414213562373096,0.0,True,2000,199,0.025555425999300496,stop
tsp-grid9,tsp,genetic_algorithm,9,9.414213562373096,0.0,True,2000,199,0.02543923299981543,stop
tsp-grid9,tsp,genetic_algorithm,10,9.414213562373096,0.0,True,2000,199,0.0267026210003678,stop
tsp-grid9,tsp,genetic_algorithm,11,9.414213562373096,0.0,True,2000,199,0.02776043399990158,stop
tsp-grid9,tsp,genetic_algorithm,12,9.414213562373096,0.0,True,2000,199,0.026834803999918222,stop
tsp-grid9,tsp,genetic_algorithm,13,9.414213562373096,0.0,True,2000,199,0.02703524800017476,stop
tsp-grid9,tsp,genetic_algorithm,14,9.414213562373096,0.0,True,2000,199,0.027954050000516872,stop
tsp-grid9,tsp,genetic_algorithm,15,9.414213562373096,0.0,True,2000,199,0.027949050000643183,stop
tsp-grid9,tsp,genetic_algorithm,16,9.414213562373096,0.0,True,2000,199,0.027428673000031267,stop
tsp-grid9,tsp,genetic_algorithm,17,9.414213562373096,0.0,True,2000,199,0.025554198999998334,stop
tsp-grid9,tsp,genetic_algorithm,18,9.414213562373096,0.0,True,2000,199,0.026285652999831655,stop
tsp-grid9,tsp,genetic_algorithm,19,9.414213562373096,0.0,True,2000,199,0.02784282999982679,stop
tsp-grid9,tsp,simulated_annealing,0,9.414213562373096,0.0,True,2000,1999,0.019831397000416473,stop
tsp-grid9,tsp,simulated_annealing,1,9.414213562373096,0.0,True,2000,1999,0.019618166999862297,stop
tsp-grid9,tsp,simulated_annealing,2,9.414213562373096,0.0,True,2000,1999,0.018629508000231,stop
tsp-grid9,tsp,simulated_annealing,3,9.414213562373096,0.0,True,2000,1999,0.01911268999992899,stop
tsp-grid9,tsp,simulated_annealing,4,9.414213562373096,0.0,True,2000,1999,0.01990040999953635,stop
tsp-grid9,tsp,simulated_annealing,5,9.414213562373096,0.0,True,2000,1999,0.019965017000686203,stop
tsp-grid9,tsp,simulated_annealing,6,9.414213562373096,0.0,True,2000,1999,0.019439378999777546,stop
tsp-grid9,tsp,simulated_annealing,7,9.414213562373096,0.0,True,2000,1999,0.018690457999582577,stop
tsp-grid9,tsp,simulated_annealing,8,9.414213562373096,0.0,True,2000,1999,0.01904503800051316,stop
tsp-grid9,tsp,simulated_annealing,9,9.414213562373096,0.0,True,2000,1999,0.01984992899997451,stop
tsp-grid9,tsp,simulated_annealing,10,9.414213562373096,0.0,True,2000,1999,0.019786648000263085,stop
tsp-grid9,tsp,simulated_annealing,11,9.414213562373096,0.0,True,2000,1999,0.01994020499932958,stop
tsp-grid9,tsp,simulated_annealing,12,9.414213562373096,0.0,True,2000,1999,0.01929685300001438,stop
tsp-grid9,tsp,simulated_annealing,13,9.414213562373096,0.0,True,2000,1999,0.018904984000073455,stop
tsp-grid9,tsp,simulated_annealing,14,9.414213562373096,0.0,True,2000,1999,0.018955935999656504,stop
tsp-grid9,tsp,simulated_annealing,15,9.414213562373096,0.0,True,2000,1999,0.019542418000128237,stop
tsp-grid9,tsp,simulated_annealing,16,9.414213562373096,0.0,True,2000,1999,0.019713804999810236,stop
tsp-grid9,tsp,simulated_annealing,17,9.414213562373096,0.0,True,2000,1999,0.019711828000254172,stop
tsp-grid9,tsp,simulated_annealing,18,9.414213562373096,0.0,True,2000,1999,0.019624845000180358,stop
tsp-grid9,tsp,simulated_annealing,19,9.414213562373096,0.0,True,2000,1999,0.018567173000519688,stop
tsp-grid9,tsp,artificial_bee_colony,0,9.414213562373096,0.0,True,2006,98,0.017066684999917925,stop
tsp-grid9,tsp,artificial_bee_colony,1,9.414213562373096,0.0,True,2007,98,0.017552934000377718,stop
tsp-grid9,tsp,artificial_bee_colony,2,9.414213562373096,0.0,True,2010,98,0.01757663100033824,stop
tsp-grid9,tsp,artificial_bee_colony,3,9.414213562373096,0.0,True,2006,98,0.01736120599980495,stop
tsp-grid9,tsp,artificial_bee_colony,4,9.414213562373096,0.0,True,2010,98,0.01744648200019583,stop
tsp-grid9,tsp,artificial_bee_colony,5,9.414213562373096,0.0,True,2005,98,0.016696156999387313,stop
tsp-grid9,tsp,artificial_bee_colony,6,9.414213562373096,0.0,True,2008,98,0.016915202999371104,stop
tsp-grid9,tsp,artificial_bee_colony,7,9.414213562373096,0.0,True,2010,98,0.01703256800010422,stop
tsp-grid9,tsp,artificial_bee_colony,8,9.414213562373096,0.0,True,2008,98,0.017615813999327656,stop
tsp-grid9,tsp,artificial_bee_colony,9,9.414213562373096,0.0,True,2009,98,0.017673489000117115,stop
tsp-grid9,tsp,artificial_bee_colony,10,9.414213562373096,0.0,True,2012,98,0.017152167999483936,stop
tsp-grid9,tsp,artificial_bee_colony,11,9.414213562373096,0.0,True,2009,98,0.01627363300030993,stop
tsp-grid9,tsp,artificial_bee_colony,12,9.414213562373096,0.0,True,2008,98,0.01618379800038383,stop
tsp-grid9,tsp,artificial_bee_colony,13,9.414213562373096,0.0,True,2007,98,0.016225749000113865,stop
tsp-grid9,tsp,artificial_bee_colony,14,9.414213562373096,0.0,True,2008,98,0.01714889199956815,stop
tsp-grid9,tsp,artificial_bee_colony,15,9.414213562373096,0.0,True,2009,98,0.017582010000296577,stop
tsp-grid9,tsp,artificial_bee_colony,16,9.414213562373096,0.0,True,2008,98,0.017631363999498717,stop
tsp-grid9,tsp,artificial_bee_colony,17,9.414213562373096,0.0,True,2009,98,0.017103711999880034,stop
tsp-grid9,tsp,artificial_bee_colony,18,9.414213562373096,0.0,True,2007,98,0.016146496999681403,stop
tsp-grid9,tsp,artificial_bee_colony,19,9.414213562373096,0.0,True,2011,98,0.01623628200013627,stop
sphere-5,continuous,random_search,0,2.897709575943546,2.897709575943546,False,2000,1999,0.008544839000023785,stop
sphere-5,continuous,random_search,1,1.2682147327997486,1.2682147327997486,False,2000,1999,0.008756470999287558,stop
sphere-5,continuous,random_search,2,1.083692447745793,1.083692447745793,False,2000,1999,0.00935933999971894,stop
sphere-5,continuous,random_search,3,0.5833883600036558,0.5833883600036558,False,2000,1999,0.009300938999331265,stop
sphere-5,continuous,random_search,4,2.8362456642775835,2.8362456642775835,False,2000,1999,0.009340940999209124,stop
sphere-5,continuous,random_search,5,3.188524663811198,3.188524663811198,False,2000,1999,0.009485528000368504,stop
sphere-5,continuous,random_search,6,1.154889026041008,1.154889026041008,False,2000,1999,0.009380198000144446,stop
sphere-5,continuous,random_search,7,4.101599723861737,4.101599723861737,False,2000,1999,0.009335330999419966,stop
sphere-5,continuous,random_search,8,2.000264143022232,2.000264143022232,False,2000,1999,0.009334761999525654,stop
sphere-5,continuous,random_search,9,3.1737499542699825,3.1737499542699825,False,2000,1999,0.009062004000043089,stop
sphere-5,continuous,random_search,10,0.7233257581933612,0.7233257581933612,False,2000,1999,0.008990942000309587,stop
sphere-5,continuous,random_search,11,2.1645773587225663,2.1645773587225663,False,2000,1999,0.008747775999836449,stop
sphere-5,continuous,random_search,12,2.235161170643323,2.235161170643323,False,2000,1999,0.008529646000170032,stop
sphere-5,continuous,random_search,13,2.283429153761359,2.283429153761359,False,2000,1999,0.012990137000087998,stop
sphere-5,continuous,random_search,14,2.156870056604972,2.156870056604972,False,2000,1999,0.010073490999275236,stop
sphere-5,continuous,random_search,15,2.080574313287884,2.080574313287884,False,2000,1999,0.010100088999934087,stop
sphere-5,continuous,random_search,16,1.054886386823684,1.054886386823684,False,2000,1999,0.013708827000300516,stop
sphere-5,continuous,random_search,17,0.7768025255669128,0.7768025255669128,False,2000,1999,0.015143667999836907,stop
sphere-5,continuous,random_search,18,1.4286752896841275,1.4286752896841275,False,2000,1999,0.011537187000612903,stop
sphere-5,continuous,random_search,19,2.807063238840443,2.807063238840443,False,2000,1999,0.009575082999617734,stop
sphere-5,continuous,genetic_algorithm,0,0.00012494757962361973,0.00012494757962361973,True,2000,199,0.01734182600011991,stop
sphere-5,continuous,genetic_algorithm,1,0.00011762531808934652,0.00011762531808934652,True,2000,199,0.01621984900066309,stop
sphere-5,continuous,genetic_algorithm,2,0.00011650843097754928,0.00011650843097754928,True,2000,199,0.017754962999788404,stop
sphere-5,continuous,genetic_algorithm,3,3.876499135134164e-05,3.876499135134164e-05,True,2000,199,0.017648195999754535,stop
sphere-5,continuous,genetic_algorithm,4,0.00011154217170575835,0.00011154217170575835,True,2000,199,0.0179015210005673,stop
sphere-5,continuous,genetic_algorithm,5,2.376551411759434e-05,2.376551411759434e-05,True,2000,199,0.017731439999806753,stop
sphere-5,continuous,genetic_algorithm,6,6.007296991802246e-05,6.007296991802246e-05,True,2000,199,0.01726791199962463,stop
sphere-5,continuous,genetic_algorithm,7,5.4865978724711984e-05,5.4865978724711984e-05,True,2000,199,0.016504991999681806,stop
sphere-5,continuous,genetic_algorithm,8,2.4307433800737e-05,2.4307433800737e-05,True,2000,199,0.018012574000749737,stop
sphere-5,continuous,genetic_algorithm,9,0.00010024231946233779,0.00010024231946233779,True,2000,199,0.01798594600040815,stop
sphere-5,continuous,genetic_algorithm,10,9.306058589268459e-06,9.306058589268459e-06,True,2000,199,0.01774668300004123,stop
sphere-5,continuous,genetic_algorithm,11,4.334382081209781e-05,4.334382081209781e-05,True,2000,199,0.01748011299969221,stop
sphere-5,continuous,genetic_algorithm,12,2.592838784106393e-05,2.592838784106393e-05,True,2000,199,0.016623866999907477,stop
sphere-5,continuous,genetic_algorithm,13,4.297832224732353e-05,4.297832224732353e-05,True,2000,199,0.016417991000707843,stop
sphere-5,continuous,genetic_algorithm,14,0.00010155623244362982,0.00010155623244362982,True,2000,199,0.01621030000023893,stop
sphere-5,continuous,genetic_algorithm,15,0.0001054397034002001,0.0001054397034002001,True,2000,199,0.016519784000593063,stop
sphere-5,continuous,genetic_algorithm,16,0.00012202677971012984,0.00012202677971012984,True,2000,199,0.016180365999389323,stop
sphere-5,continuous,genetic_algorithm,17,0.0002881957873505514,0.0002881957873505514,True,2000,199,0.01622142700034601,stop
sphere-5,continuous,genetic_algorithm,18,5.9036604675815666e-05,5.9036604675815666e-05,True,2000,199,0.01674436000030255,stop
sphere-5,continuous,genetic_algorithm,19,0.00013808153517880312,0.00013808153517880312,True,2000,199,0.01631906300008268,stop
sphere-5,continuous,simulated_annealing,0,0.0036170764095045872,0.0036170764095045872,False,2000,1999,0.011532935000104771,stop
sphere-5,continuous,simulated_annealing,1,0.00816464250403596,0.00816464250403596,False,2000,1999,0.011138306000248122,stop
sphere-5,continuous,simulated_annealing,2,0.009027947491427981,0.009027947491427981,False,2000,1999,0.011655797999992501,stop
sphere-5,continuous,simulated_annealing,3,0.0021326210661680883,0.0021326210661680883,False,2000,1999,0.011598989999583864,stop
sphere-5,continuous,simulated_annealing,4,0.0031169346696501275,0.0031169346696501275,False,2000,1999,0.011565548000362469,stop
sphere-5,continuous,simulated_annealing,5,0.004844567376900342,0.004844567376900342,False,2000,1999,0.011707630000273639,stop
sphere-5,continuous,simulated_annealing,6,0.004189337034782723,0.004189337034782723,False,2000,1999,0.011550324999916484,stop
sphere-5,continuous,simulated_annealing,7,0.00176360729795372,0.00176360729795372,False,2000,1999,0.011664921000374306,stop
sphere-5,continuous,simulated_annealing,8,0.003909474402023782,0.003909474402023782,False,2000,1999,0.011008636999576993,stop
sphere-5,continuous,simulated_annealing,9,0.010682233752210547,0.010682233752210547,False,2000,1999,0.01082336600029521,stop
sphere-5,continuous,simulated_annealing,10,0.004202717800793661,0.004202717800793661,False,2000,1999,0.012154349000411457,stop
sphere-5,continuous,simulated_annealing,11,0.0046081664234209644,0.0046081664234209644,False,2000,1999,0.011492309999994177,stop
sphere-5,continuous,simulated_annealing,12,0.003992338355885788,0.003992338355885788,False,2000,1999,0.01161143599983916,stop
sphere-5,continuous,simulated_annealing,13,0.0007335656827769151,0.0007335656827769151,True,2000,1999,0.011664842999380198,stop
sphere-5,continuous,simulated_annealing,14,0.002115212672578908,0.002115212672578908,False,2000,1999,0.011600480000197422,stop
sphere-5,continuous,simulated_annealing,15,0.0008837174857372997,0.0008837174857372997,True,2000,1999,0.011560245000509894,stop
sphere-5,continuous,simulated_annealing,16,0.0028266299693324353,0.0028266299693324353,False,2000,1999,0.011583453000639565,stop
sphere-5,continuous,simulated_annealing,17,0.006851201087639536,0.006851201087639536,False,2000,1999,0.011593220000577276,stop
sphere-5,continuous,simulated_annealing,18,0.007606351857267102,0.007606351857267102,False,2000,1999,0.011083698999755143,stop
sphere-5,continuous,simulated_annealing,19,0.003340925183805823,0.003340925183805823,False,2000,1999,0.010856790000616456,stop
sphere-5,continuous,artificial_bee_colony,0,0.6379336249787669,0.6379336249787669,False,2010,100,0.008663942000566749,stop
sphere-5,continuous,artificial_bee_colony,1,2.1812699602490486,2.1812699602490486,False,2010,100,0.008456927000224823,stop
sphere-5,continuous,artificial_bee_colony,2,0.42653061675629417,0.42653061675629417,False,2010,100,0.009246526999959315,stop
sphere-5,continuous,artificial_bee_colony,3,0.0002201241998975045,0.0002201241998975045,True,2011,100,0.009209562000251026,stop
sphere-5,continuous,artificial_bee_colony,4,0.707929710065856,0.707929710065856,False,2010,100,0.011604309000176727,stop
sphere-5,continuous,artificial_bee_colony,5,2.2852098228954936,2.2852098228954936,False,2010,100,0.009108551000281295,stop
sphere-5,continuous,artificial_bee_colony,6,0.07842534408141995,0.07842534408141995,False,2010,100,0.009118384999965201,stop
sphere-5,continuous,artificial_bee_colony,7,0.190121352424419,0.190121352424419,False,2010,100,0.009036112999638135,stop
sphere-5,continuous,artificial_bee_colony,8,0.0017616892712966198,0.0017616892712966198,False,2010,100,0.008801793000202451,stop
sphere-5,continuous,artificial_bee_colony,9,3.414694438331539,3.414694438331539,False,2010,100,0.00843235999946046,stop
sphere-5,continuous,artificial_bee_colony,10,0.021108401992240677,0.021108401992240677,False,2010,100,0.00831036299950938,stop
sphere-5,continuous,artificial_bee_colony,11,0.00017261948357966066,0.00017261948357966066,True,2012,100,0.008249341000009736,stop
sphere-5,continuous,artificial_bee_colony,12,6.725809035540999e-05,6.725809035540999e-05,True,2011,100,0.008390394999878481,stop
sphere-5,continuous,artificial_bee_colony,13,0.000225016927926837,0.000225016927926837,True,2011,100,0.008296966999296274,stop
sphere-5,continuous,artificial_bee_colony,14,1.160941924326496,1.160941924326496,False,2011,100,0.008920352999666648,stop
sphere-5,continuous,artificial_bee_colony,15,0.21842175204330969,0.21842175204330969,False,2011,100,0.009085256000616937,stop
sphere-5,continuous,artificial_bee_colony,16,0.04558863400024933,0.04558863400024933,False,2011,100,0.009131142000114778,stop
sphere-5,continuous,artificial_bee_colony,17,2.4860180620530294,2.4860180620530294,False,2010,100,0.009060847000000649,stop
sphere-5,continuous,artificial_bee_colony,18,0.005913324584171017,0.005913324584171017,False,2010,100,0.009038535000399861,stop
sphere-5,continuous,artificial_bee_colony,19,0.06984659662359025,0.06984659662359025,False,2012,100,0.00907838700004504,stop
rastrigin-5,continuous,random_search,0,23.704142849541693,23.704142849541693,False,2000,1999,0.011187893000169424,stop
rastrigin-5,continuous,random_search,1,21.247891425656704,21.247891425656704,False,2000,1999,0.010660375999577809,stop
rastrigin-5,continuous,random_search,2,23.06859182466658,23.06859182466658,False,2000,1999,0.010675242000615981,stop
rastrigin-5,continuous,random_search,3,24.186328183513545,24.186328183513545,False,2000,1999,0.010246880000522651,stop
rastrigin-5,continuous,random_search,4,23.693559281427508,23.693559281427508,False,2000,1999,0.010386402000222006,stop
rastrigin-5,continuous,random_search,5,15.670922652688496,15.670922652688496,False,2000,1999,0.010178511000049184,stop
rastrigin-5,continuous,random_search,6,24.100285794794598,24.100285794794598,False,2000,1999,0.011158273000546615,stop
rastrigin-5,continuous,random_search,7,25.33519619847665,25.33519619847665,False,2000,1999,0.011042826999982935,stop
rastrigin-5,continuous,random_search,8,23.195729819076362,23.195729819076362,False,2000,1999,0.01104997399943386,stop
rastrigin-5,continuous,random_search,9,20.406925523525736,20.406925523525736,False,2000,1999,0.010954258999845479,stop
rastrigin-5,continuous,random_search,10,16.675444374350796,16.675444374350796,False,2000,1999,0.011109256000054302,stop
rastrigin-5,continuous,random_search,11,15.152825867885738,15.152825867885738,False,2000,1999,0.011044513999877381,stop
rastrigin-5,continuous,random_search,12,22.57996227437815,22.57996227437815,False,2000,1999,0.011042781000469404,stop
rastrigin-5,continuous,random_search,13,26.17874828695612,26.17874828695612,False,2000,1999,0.011030079999727604,stop
rastrigin-5,continuous,random_search,14,11.933755068366594,11.933755068366594,False,2000,1999,0.01105073300004733,stop
rastrigin-5,continuous,random_search,15,23.713455892972252,23.713455892972252,False,2000,1999,0.010828428999957396,stop
rastrigin-5,continuous,random_search,16,22.57135936049196,22.57135936049196,False,2000,1999,0.010952536000331747,stop
rastrigin-5,continuous,random_search,17,26.18308606726396,26.18308606726396,False,2000,1999,0.011019736999514862,stop
rastrigin-5,continuous,random_search,18,27.223680075233492,27.223680075233492,False,2000,1999,0.0111138000002029,stop
rastrigin-5,continuous,random_search,19,23.9167795328947,23.9167795328947,False,2000,1999,0.011122369000077015,stop
rastrigin-5,continuous,genetic_algorithm,0,17.915460466150876,17.915460466150876,False,2000,199,0.01933041200027219,stop
rastrigin-5,continuous,genetic_algorithm,1,18.90609202714358,18.90609202714358,False,2000,199,0.018265519000124186,stop
rastrigin-5,continuous,genetic_algorithm,2,13.93070486792196,13.93070486792196,False,2000,199,0.017418119000467414,stop
rastrigin-5,continuous,genetic_algorithm,3,3.9890704760249633,3.9890704760249633,False,2000,199,0.01818893499967089,stop
rastrigin-5,continuous,genetic_algorithm,4,10.957932394933714,10.957932394933714,False,2000,199,0.019134634999318223,stop
rastrigin-5,continuous,genetic_algorithm,5,13.934506936772635,13.934506936772635,False,2000,199,0.0191445170003135,stop
rastrigin-5,continuous,genetic_algorithm,6,18.90752774187711,18.90752774187711,False,2000,199,0.019264356000348926,stop
rastrigin-5,continuous,genetic_algorithm,7,18.91107017039413,18.91107017039413,False,2000,199,0.01792558899978758,stop
rastrigin-5,continuous,genetic_algorithm,8,20.90391320872902,20.90391320872902,False,2000,199,0.01760622600068018,stop
rastrigin-5,continuous,genetic_algorithm,9,25.871873411990165,25.871873411990165,False,2000,199,0.017737081000632315,stop
rastrigin-5,continuous,genetic_algorithm,10,9.95747163996512,9.95747163996512,False,2000,199,0.01919000199995935,stop
rastrigin-5,continuous,genetic_algorithm,11,10.947721445962934,10.947721445962934,False,2000,199,0.019005733000085456,stop
rastrigin-5,continuous,genetic_algorithm,12,7.96211592305076,7.96211592305076,False,2000,199,0.019065333000071405,stop
rastrigin-5,continuous,genetic_algorithm,13,18.90736506853202,18.90736506853202,False,2000,199,0.018108733000190114,stop
rastrigin-5,continuous,genetic_algorithm,14,6.970894025950024,6.970894025950024,False,2000,199,0.01747535100003006,stop
rastrigin-5,continuous,genetic_algorithm,15,12.935861567105803,12.935861567105803,False,2000,199,0.018133231000319938,stop
rastrigin-5,continuous,genetic_algorithm,16,6.970553951568917,6.970553951568917,False,2000,199,0.018210350000117614,stop
rastrigin-5,continuous,genetic_algorithm,17,10.945131390235211,10.945131390235211,False,2000,199,0.01750913599971682,stop
rastrigin-5,continuous,genetic_algorithm,18,8.963433425748207,8.963433425748207,False,2000,199,0.017344093999781762,stop
rastrigin-5,continuous,genetic_algorithm,19,9.959095863411811,9.959095863411811,False,2000,199,0.017486806999841065,stop
rastrigin-5,continuous,simulated_annealing,0,22.89884540000973,22.89884540000973,False,2000,1999,0.012480064000556013,stop
rastrigin-5,continuous,simulated_annealing,1,37.81139982171592,37.81139982171592,False,2000,1999,0.012573295000038343,stop
rastrigin-5,continuous,simulated_annealing,2,99.50869320938804,99.50869320938804,False,2000,1999,0.011828775000140013,stop
rastrigin-5,continuous,simulated_annealing,3,11.947511132112382,11.947511132112382,False,2000,1999,0.012275878000764351,stop
rastrigin-5,continuous,simulated_annealing,4,59.705548748962954,59.705548748962954,False,2000,1999,0.013443691999782459,stop
rastrigin-5,continuous,simulated_annealing,5,47.76456286124175,47.76456286124175,False,2000,1999,0.013275842999973975,stop
rastrigin-5,continuous,simulated_annealing,6,47.76256495156603,47.76256495156603,False,2000,1999,0.013062693999927433,stop
rastrigin-5,continuous,simulated_annealing,7,30.85551914287725,30.85551914287725,False,2000,1999,0.013056265999694006,stop
rastrigin-5,continuous,simulated_annealing,8,55.7272182908584,55.7272182908584,False,2000,1999,0.012981786999262113,stop
rastrigin-5,continuous,simulated_annealing,9,53.73465294873599,53.73465294873599,False,2000,1999,0.013330976000361261,stop
rastrigin-5,continuous,simulated_annealing,10,20.900370729852845,20.900370729852845,False,2000,1999,0.013151129999641853,stop
rastrigin-5,continuous,simulated_annealing,11,16.9193090051254,16.9193090051254,False,2000,1999,0.012662341000577726,stop
rastrigin-5,continuous,simulated_annealing,12,48.77907076863247,48.77907076863247,False,2000,1999,0.012991840999347914,stop
rastrigin-5,continuous,simulated_annealing,13,41.80988184361654,41.80988184361654,False,2000,1999,0.013109765000081097,stop
rastrigin-5,continuous,simulated_annealing,14,57.726588201603995,57.726588201603995,False,2000,1999,0.013065312999970047,stop
rastrigin-5,continuous,simulated_annealing,15,90.54794831651353,90.54794831651353,False,2000,1999,0.012986273999558762,stop
rastrigin-5,continuous,simulated_annealing,16,2.9957929717756926,2.9957929717756926,False,2000,1999,0.01291868800035445,stop
rastrigin-5,continuous,simulated_annealing,17,46.773302431144764,46.773302431144764,False,2000,1999,0.012986703999558813,stop
rastrigin-5,continuous,simulated_annealing,18,25.890852522305345,25.890852522305345,False,2000,1999,0.01340109200009465,stop
rastrigin-5,continuous,simulated_annealing,19,13.938363788034692,13.938363788034692,False,2000,1999,0.013094555999487056,stop
rastrigin-5,continuous,artificial_bee_colony,0,15.132729493275477,15.132729493275477,False,2001,99,0.0104971309992834,stop
rastrigin-5,continuous,artificial_bee_colony,1,25.02882007950842,25.02882007950842,False,2003,99,0.010421074999612756,stop
rastrigin-5,continuous,artificial_bee_colony,2,13.952882254365782,13.952882254365782,False,2004,99,0.010473714999534423,stop
rastrigin-5,continuous,artificial_bee_colony,3,8.394021990012767,8.394021990012767,False,2002,99,0.010476899000423145,stop
rastrigin-5,continuous,artificial_bee_colony,4,11.998025341403988,11.998025341403988,False,2002,99,0.010472877999745833,stop
rastrigin-5,continuous,artificial_bee_colony,5,12.988023823899866,12.988023823899866,False,2003,99,0.010407959000076517,stop
rastrigin-5,continuous,artificial_bee_colony,6,18.348378293292956,18.348378293292956,False,2001,99,0.01012725100008538,stop
rastrigin-5,continuous,artificial_bee_colony,7,9.960563053990022,9.960563053990022,False,2004,99,0.009509018999779073,stop
rastrigin-5,continuous,artificial_bee_colony,8,13.98548552077925,13.98548552077925,False,2001,99,0.009564976999172359,stop
rastrigin-5,continuous,artificial_bee_colony,9,12.148721993496224,12.148721993496224,False,2004,99,0.009648901000218757,stop
rastrigin-5,continuous,artificial_bee_colony,10,10.030075886920919,10.030075886920919,False,2001,99,0.009620391000680684,stop
rastrigin-5,continuous,artificial_bee_colony,11,5.1525266723383965,5.1525266723383965,False,2002,99,0.010068046000014874,stop
rastrigin-5,continuous,artificial_bee_colony,12,3.9873300384995005,3.9873300384995005,False,2000,99,0.010500182000214409,stop
rastrigin-5,continuous,artificial_bee_colony,13,8.006478366269867,8.006478366269867,False,2002,99,0.010639267999977164,stop
rastrigin-5,continuous,artificial_bee_colony,14,7.182677608592087,7.182677608592087,False,2005,99,0.010510332000194467,stop
rastrigin-5,continuous,artificial_bee_colony,15,24.948719144121643,24.948719144121643,False,2000,99,0.010618950999742083,stop
rastrigin-5,continuous,artificial_bee_colony,16,3.0584640425503764,3.0584640425503764,False,2004,99,0.010195857000326214,stop
rastrigin-5,continuous,artificial_bee_colony,17,25.405169068327332,25.405169068327332,False,2001,99,0.01019668300068588,stop
rastrigin-5,continuous,artificial_bee_colony,18,7.995148112047865,7.995148112047865,False,2002,99,0.010505313000066963,stop
rastrigin-5,continuous,artificial_bee_colony,19,14.07423973545528,14.07423973545528,False,2002,99,0.01049022199913452,stop
